,count_ingles,count_esp,count_port
  a,1,0,0
  d,0,3,2
  e,0,2,1
  i,3,0,0
  l,1,0,0
  n,1,0,0
  p,1,1,0
  s,0,1,0
  t,2,0,0
  w,2,0,0
  y,2,0,0
 a ,45,20,29
 ab,2,2,3
 ac,0,6,6
 ad,0,1,1
 ae,0,1,1
 af,1,0,0
 ag,2,3,1
 ah,0,1,0
 ai,1,0,1
 al,5,19,7
 am,1,3,5
 an,13,0,6
 ao,0,0,3
 ap,3,2,3
 aq,0,2,2
 ar,13,0,1
 as,4,1,14
 at,7,0,3
 au,0,2,2
 ay,0,4,0
 añ,0,3,0
 ba,10,5,4
 be,18,1,2
 bi,5,4,1
 bl,2,0,0
 bo,8,5,11
 br,5,0,2
 bu,6,4,0
 by,4,0,0
 bá,0,1,1
 ca,15,21,22
 ce,1,4,5
 ch,6,1,6
 ci,1,6,3
 cl,7,5,0
 co,18,33,46
 cr,4,6,3
 cu,1,10,2
 cé,0,0,1
 có,0,2,0
 da,5,1,7
 de,2,48,48
 di,10,11,13
 do,22,6,13
 dr,5,0,0
 du,1,5,3
 dé,0,3,0
 dê,0,0,2
 dí,0,3,0
 dó,0,1,0
 dú,0,0,1
 e ,0,0,4
 ea,3,0,0
 ec,0,1,0
 ed,0,4,3
 eg,1,0,0
 el,1,56,16
 em,1,2,13
 en,5,46,14
 er,0,4,3
 es,0,92,56
 eu,0,0,27
 ev,2,0,0
 ex,3,6,8
 ey,2,0,0
 fa,11,5,11
 fe,3,3,3
 fi,4,2,8
 fl,3,1,1
 fo,14,0,9
 fr,3,3,3
 fu,1,5,1
 fá,0,1,1
 fé,0,0,1
 fú,0,1,0
 ga,4,2,2
 ge,5,2,3
 gi,5,0,0
 go,19,0,6
 gr,2,7,2
 gu,0,5,0
 gê,0,0,1
 ha,22,21,3
 he,16,7,0
 hi,9,2,1
 ho,22,12,9
 hu,5,1,0
 hy,2,2,2
 há,0,0,2
 i ,32,0,0
 i',11,0,0
 id,0,1,0
 if,1,0,0
 ig,0,1,1
 im,1,1,2
 in,34,6,6
 ir,0,3,5
 is,40,0,4
 it,19,0,0
 ja,3,2,2
 jo,2,4,8
 ju,2,5,1
 já,0,0,1
 ki,4,1,1
 kn,4,0,0
 ko,6,0,0
 la,7,56,1
 le,16,7,7
 li,14,10,8
 ll,0,2,0
 lo,11,12,3
 lu,1,3,2
 ly,1,0,0
 lá,0,1,8
 lí,0,0,1
 lú,0,1,0
 ma,15,19,30
 me,16,9,19
 mi,5,22,14
 mo,13,2,6
 mu,0,11,10
 my,18,0,0
 má,0,16,1
 mã,0,0,5
 mé,0,0,2
 mí,0,3,0
 na,2,6,21
 ne,11,4,8
 ni,5,3,2
 no,12,19,27
 nu,1,4,2
 nã,0,0,8
 o ,0,2,32
 ob,0,0,2
 of,8,1,1
 oi,1,0,0
 oj,0,2,0
 ok,1,0,0
 ol,1,1,4
 on,13,0,5
 oo,1,1,0
 op,2,1,1
 or,3,0,0
 os,0,0,4
 ot,1,7,0
 ou,4,0,9
 ov,5,0,1
 oí,0,1,0
 pa,5,19,20
 pe,3,10,13
 ph,1,0,0
 pi,3,5,0
 pl,9,1,1
 po,4,21,20
 pr,4,11,17
 pu,5,8,1
 pá,0,1,2
 pé,0,0,2
 pú,0,2,2
 qu,0,26,58
 ra,2,0,1
 re,13,22,15
 ri,4,0,2
 ro,3,2,2
 ru,0,0,4
 rá,0,2,1
 rí,0,2,0
 sa,4,7,6
 sc,7,0,0
 se,13,23,34
 sh,13,0,0
 si,7,8,2
 sk,2,0,0
 sl,1,0,0
 sm,3,0,0
 sn,1,0,0
 so,14,11,7
 sp,5,0,0
 st,11,0,0
 su,7,15,10
 sw,1,0,0
 sã,0,0,4
 sé,0,1,0
 sí,0,2,0
 só,0,1,0
 ta,4,9,5
 te,5,15,15
 th,130,0,0
 ti,3,8,3
 to,48,12,9
 tr,3,7,9
 tu,1,9,1
 tw,4,0,0
 tã,0,0,2
 tê,0,0,1
 um,0,0,32
 un,0,34,1
 up,2,0,0
 us,1,2,1
 va,3,7,5
 ve,3,17,13
 vi,1,7,6
 vo,1,4,38
 vu,0,3,0
 vá,0,0,2
 vô,0,0,1
 wa,24,0,1
 we,15,0,0
 wh,26,0,0
 wi,11,0,0
 wo,10,1,1
 wr,1,0,0
 y ,0,4,0
 ye,7,0,0
 yo,51,6,1
 za,0,2,0
 ¡e,0,1,0
 ¡s,0,1,0
 ¡t,0,1,0
 ¡w,0,1,0
 ¿a,0,3,0
 ¿c,0,13,0
 ¿d,0,1,0
 ¿e,0,3,0
 ¿f,0,1,0
 ¿h,0,2,0
 ¿l,0,1,0
 ¿m,0,1,0
 ¿p,0,5,0
 ¿q,0,13,0
 ¿t,0,3,0
 ¿v,0,1,0
 ¿é,0,2,0
 à ,0,0,8
 às,0,0,2
 ág,0,0,2
 é ,0,0,36
 él,0,3,0
 és,0,1,0
 ól,0,0,1
 ôn,0,0,1
 úl,0,1,0
! c,0,0,1
! e,0,1,2
! h,1,0,0
! o,0,0,1
! s,1,0,0
! t,1,0,0
! w,1,0,0
! ¡,0,1,0
! ¿,0,2,0
'd ,1,0,0
'll,7,0,0
'm ,3,0,0
're,1,0,0
's ,18,0,0
't ,4,0,0
?  ,5,1,1
? a,2,1,5
? c,1,4,1
? d,0,3,3
? e,0,12,8
? f,0,1,1
? h,6,1,1
? i,13,0,1
? l,3,1,0
? m,5,4,4
? n,1,1,0
? o,1,0,6
? p,0,0,2
? q,0,1,7
? r,0,1,0
? s,0,1,3
? t,7,1,1
? u,0,1,1
? v,0,1,3
? w,7,0,0
? y,1,0,0
? ¡,0,1,0
? ¿,0,13,0
? é,0,0,1
a  ,0,1,1
a a,0,7,7
a b,5,5,5
a c,2,24,23
a d,2,16,17
a e,0,28,27
a f,2,3,7
a g,2,1,4
a h,3,7,4
a i,0,3,4
a j,0,2,2
a l,1,10,5
a m,5,24,25
a n,2,9,14
a o,0,3,7
a p,7,17,19
a q,0,5,15
a r,2,5,5
a s,6,9,14
a t,3,8,9
a u,0,5,3
a v,2,8,9
a w,3,0,0
a y,1,1,0
a ¿,0,6,0
a à,0,0,2
a á,0,0,2
a é,0,2,3
a! ,0,0,1
a? ,1,9,9
aba,0,5,2
abe,0,1,1
abi,0,1,2
abl,1,0,0
abo,1,1,1
abr,1,3,3
abí,0,2,0
aca,1,3,2
ace,2,4,0
ach,4,1,5
aci,0,12,3
ack,4,0,0
aco,0,1,1
act,1,2,0
acé,0,1,0
ací,0,1,0
ad ,3,5,0
ad?,0,1,0
ada,0,4,14
ade,1,3,10
adi,2,6,3
ado,0,21,11
adr,0,2,0
ads,1,0,0
ae ,0,1,0
aen,1,0,0
aer,0,1,1
aet,0,1,1
afe,0,0,2
aft,1,0,0
ag ,1,0,0
ag?,1,0,0
aga,1,0,0
age,4,0,3
ago,0,0,1
agu,0,3,0
agá,0,1,0
aho,0,1,0
ai ,0,0,2
aia,0,0,1
ain,5,0,1
aio,0,0,1
air,2,0,1
ais,2,1,20
ait,2,0,0
aix,0,0,3
aja,0,5,0
aje,0,2,0
aji,0,1,0
ajo,0,2,0
ajé,0,1,0
ake,2,0,0
aki,2,0,0
al ,4,10,10
al?,0,2,2
ala,0,3,2
ale,1,2,0
alg,0,4,2
alh,0,0,4
ali,1,2,1
alk,1,0,0
all,15,14,0
alm,2,8,7
alq,0,1,1
alt,1,3,3
alu,0,1,1
alw,1,0,0
alç,0,0,1
am ,3,0,7
ama,0,3,6
amb,0,2,1
ame,6,8,5
ami,2,3,0
amo,1,6,14
amp,0,1,0
amá,0,3,0
amí,0,0,1
amó,0,2,0
an ,25,12,3
an?,1,0,0
ana,0,10,0
anc,1,1,1
and,10,11,11
ane,1,0,1
ang,5,1,2
anh,0,0,11
anj,0,2,0
ank,2,0,0
ano,3,6,8
ans,3,1,0
ant,8,13,17
any,7,0,0
anz,0,2,0
anç,0,0,1
ao ,0,0,3
ap ,1,0,0
apa,2,4,2
ape,0,0,1
api,0,0,1
apo,0,1,1
app,3,0,0
apr,0,1,1
apé,0,0,1
aqu,0,3,4
ar ,5,18,17
ar!,0,1,0
ar?,1,1,0
ara,0,8,9
arc,1,1,0
ard,2,1,1
are,16,7,8
arg,1,1,0
ari,3,8,3
ark,1,0,0
arl,1,1,0
arm,0,1,1
arn,1,0,0
aro,0,7,2
arq,0,1,1
arr,4,0,3
ars,3,0,1
art,1,3,5
arz,0,1,0
arç,0,0,1
aré,0,5,0
as ,14,36,43
as?,0,3,4
asa,0,4,8
asc,0,0,2
ase,4,4,2
asi,2,6,0
aso,1,1,1
ass,3,0,2
ast,4,4,0
at ,24,0,0
at',3,0,0
at?,1,0,0
ata,0,2,4
ate,7,3,1
ath,5,0,0
ati,4,1,1
ato,3,3,2
atr,0,0,2
atu,0,0,1
aug,2,0,0
aul,0,0,2
aun,0,1,0
aur,1,1,1
aut,2,1,0
ava,0,0,6
ave,13,0,2
avi,0,1,2
avo,1,3,4
avr,0,0,1
aw ,2,0,0
aw!,0,1,1
ay ,11,5,0
ay?,5,1,0
aya,0,1,0
aye,1,4,0
ayg,1,0,0
ayo,0,1,0
ays,2,0,0
az ,0,0,1
aze,0,0,5
azé,0,0,1
aço,0,0,1
açã,0,0,6
açõ,0,0,1
aña,0,9,0
año,0,4,0
ba ,0,2,0
bac,3,0,0
bad,1,0,0
bag,2,0,0
bai,0,0,3
baj,0,6,0
bal,1,1,2
ban,1,0,1
bap,1,0,0
bar,1,1,0
bas,1,0,0
bat,1,1,0
bañ,0,1,0
be ,8,0,0
bea,2,0,0
beb,0,1,1
bec,1,0,0
bed,1,0,0
bee,3,0,0
bei,0,0,1
bem,0,0,1
ber,0,1,0
bes,1,1,0
bet,2,0,0
bia,0,0,1
bid,0,0,1
bie,0,3,0
big,3,0,0
bil,0,1,0
bin,0,0,2
bir,2,0,0
bis,0,0,1
bit,0,1,0
bié,0,1,0
bla,1,0,0
ble,4,1,0
bli,2,3,3
bo ,0,2,1
boa,0,0,2
bod,1,1,0
bol,0,5,6
bom,0,0,2
bon,0,0,2
boo,7,0,0
bor,2,0,2
bou,2,0,1
box,1,0,0
bra,0,2,4
bre,0,7,1
bri,3,1,7
bro,3,6,0
bró,0,1,0
bs?,1,0,0
bue,0,3,0
buh,1,0,0
bui,3,0,0
buj,0,2,0
bus,1,1,1
but,2,0,0
by ,4,0,0
bye,1,0,0
bás,0,1,1
bém,0,0,1
bía,0,2,0
bús,0,1,0
c b,1,0,0
c w,1,0,0
ca ,0,4,4
cab,0,2,3
cac,0,1,1
cad,0,4,5
cai,0,0,1
caj,0,1,0
cal,1,5,1
cam,1,3,1
can,7,2,1
car,4,2,5
cas,1,8,10
cat,2,0,0
cau,1,0,0
cce,1,0,0
cci,0,3,0
ce ,9,4,5
ce?,2,1,0
ced,1,0,1
cei,0,1,0
cem,0,2,2
cen,1,3,1
cer,2,4,5
ces,2,8,2
ceu,0,0,2
ch ,7,0,0
cha,1,5,5
che,5,9,3
chi,5,1,1
cho,6,4,3
chu,1,1,2
cia,2,8,5
cid,0,1,3
cie,0,4,0
cil,0,1,2
cin,0,2,1
cio,0,8,8
cir,0,1,0
cis,0,1,3
cit,1,0,0
ciu,0,2,0
ció,0,11,0
ck ,4,0,0
cke,1,0,0
ckt,1,0,0
cla,3,4,0
cle,1,0,0
cli,0,1,0
clo,3,0,0
clu,1,1,0
co ,0,2,3
cob,0,0,1
coc,0,2,0
coi,0,0,4
col,5,2,6
com,6,6,25
con,3,13,8
coo,1,0,0
cor,0,7,9
cos,1,7,3
cou,3,0,2
cre,0,1,0
cri,1,2,3
cro,3,0,0
cru,0,3,1
ct ,1,0,0
cta,0,2,1
cto,1,1,0
ctu,3,1,0
cua,0,8,0
cue,0,6,0
cui,0,1,1
cul,1,0,2
cun,0,2,0
cur,0,0,1
cus,0,0,1
cut,1,0,0
cuá,0,7,0
cé ,0,1,0
cén,0,1,0
céu,0,0,1
cê ,0,0,26
cê?,0,0,2
cía,0,2,0
cóm,0,7,0
cór,0,1,0
d  ,1,0,0
d a,4,0,0
d b,3,0,0
d c,2,1,0
d d,1,0,0
d e,1,1,0
d f,3,0,0
d g,1,0,0
d h,2,0,0
d i,9,0,0
d j,2,0,0
d l,2,0,0
d m,1,0,0
d n,1,1,0
d o,3,0,0
d p,2,1,0
d q,0,1,0
d r,1,0,0
d s,1,0,0
d t,15,0,0
d u,1,0,0
d w,3,0,0
d y,7,0,0
d ¿,0,1,0
d? ,2,2,0
da ,0,9,25
da?,0,1,0
dac,0,1,0
dad,0,10,7
daf,0,0,1
dam,0,1,1
dan,0,1,3
dar,0,2,0
das,0,2,5
dat,1,0,1
dav,0,1,0
day,11,0,0
dby,1,0,0
dde,2,0,0
ddi,2,0,0
ddl,1,0,0
de ,2,41,43
dea,1,0,0
dec,0,1,1
ded,2,0,0
dee,1,0,0
dei,0,0,9
dej,0,2,0
del,0,1,0
dem,0,3,2
den,4,3,1
dep,0,0,1
der,2,6,5
des,1,9,11
deu,0,0,1
dge,1,0,0
di ,0,0,1
dia,0,2,4
dib,0,2,0
dic,0,2,1
did,7,1,0
die,2,2,0
dif,2,5,6
dil,0,1,1
din,6,1,1
dio,0,1,2
dir,0,2,2
dis,0,0,1
dit,1,0,0
diu,0,0,1
div,1,3,3
diz,0,1,0
dió,0,2,0
dle,1,0,0
dn',1,0,0
dn’,1,0,0
do ,11,37,33
do?,0,2,2
doc,0,0,1
doe,1,0,1
dog,1,0,0
doi,1,0,1
dol,0,2,1
dom,0,1,1
don,4,0,0
doo,1,0,0
dor,1,5,3
dos,0,10,4
dow,2,0,0
dra,1,0,0
dre,5,1,0
dri,2,0,0
dro,0,1,0
drá,0,1,0
ds ,8,0,0
dua,0,0,2
duc,0,1,0
dud,0,1,0
due,0,1,0
dur,2,3,3
dy ,1,0,0
déj,0,2,0
dém,0,1,0
dê ,0,0,2
dí ,0,1,0
día,0,3,0
dón,0,3,0
dúv,0,0,1
e  ,1,0,0
e a,17,12,15
e b,15,0,2
e c,14,9,18
e d,8,8,11
e e,2,34,18
e f,9,3,5
e g,5,5,0
e h,12,10,1
e i,28,2,3
e j,0,0,3
e k,2,0,0
e l,6,16,6
e m,17,13,11
e n,8,5,5
e o,11,4,6
e p,8,9,15
e q,0,3,5
e r,4,4,3
e s,26,13,5
e t,26,8,6
e u,0,8,6
e v,1,8,14
e w,24,0,0
e y,12,2,0
e z,0,1,0
e ¿,0,2,0
e à,0,0,2
e é,0,0,8
e! ,1,1,1
e's,1,0,0
e? ,11,5,6
ea ,3,5,0
ea?,1,1,0
eac,3,0,0
ead,2,0,0
eak,2,0,0
eal,4,3,2
eam,1,0,0
ean,5,4,4
ear,10,0,0
eas,4,0,0
eat,5,0,0
eau,2,0,0
eav,3,0,0
ebo,1,1,2
ebr,0,0,1
eca,1,0,0
ecc,0,3,0
ece,1,8,8
ech,0,3,1
eci,2,6,5
eck,1,0,0
eco,1,1,0
ect,2,2,1
ecu,0,3,0
ed ,28,1,0
ed?,1,1,0
eda,0,4,0
edd,1,0,0
ede,0,6,1
edi,0,3,4
edo,0,1,1
eds,1,0,0
ee ,6,0,0
ee!,1,0,0
eed,3,0,0
eel,3,0,0
eem,1,0,0
een,5,0,0
eep,1,0,0
eer,1,2,0
ees,1,0,0
eet,5,0,0
efe,0,1,1
efi,0,1,0
efo,0,0,1
efr,2,2,0
eft,3,0,0
efu,1,1,0
ega,0,1,4
ege,1,1,1
egg,1,1,1
egm,0,1,0
ego,0,2,1
egr,0,2,0
egs,1,0,0
egu,0,2,4
ei ,0,0,10
eig,2,0,1
eij,0,0,1
eir,2,0,12
eis,0,1,1
eit,0,1,5
eix,0,0,4
eja,0,2,3
ejo,0,2,1
ejé,0,1,0
el ,2,51,1
ela,2,7,13
ele,0,1,11
elf,2,0,0
elg,0,1,0
elh,0,0,2
eli,2,1,1
ell,5,7,0
elo,0,4,1
els,2,0,0
elt,1,0,0
elv,0,1,0
elé,0,1,0
em ,0,0,38
em?,0,0,2
ema,0,3,2
emb,0,1,3
eme,0,2,4
emo,2,6,3
emp,1,6,6
ems,1,0,0
en ,18,53,0
en?,1,0,0
ena,0,2,1
enc,1,3,2
end,7,7,8
ene,2,5,0
enf,0,1,2
eng,2,2,0
enh,0,0,5
eni,0,1,0
enl,1,0,0
eno,0,2,1
enr,0,1,0
ens,1,5,7
ent,5,27,26
eo ,0,3,1
eon,2,1,1
eos,0,0,1
eou,1,0,0
ep ,1,0,0
epe,0,2,2
epo,0,0,1
equ,0,2,1
er ,53,15,17
er?,1,1,1
era,3,12,5
erc,0,2,0
erd,1,4,2
ere,25,5,7
erf,1,1,1
eri,1,4,5
erm,0,8,4
ern,1,6,5
ero,0,11,3
err,0,4,2
ers,4,2,2
ert,0,8,4
erv,2,2,2
ery,5,0,0
erz,0,1,0
eré,0,2,0
erê,0,0,1
erí,0,1,1
es ,18,65,16
es?,1,0,0
esa,0,4,1
esb,0,1,0
esc,0,5,9
esd,0,2,2
ese,5,8,4
esf,0,2,2
esi,0,3,0
esm,0,0,2
eso,0,7,1
esp,0,8,8
esq,0,1,1
ess,6,0,16
est,5,47,43
esu,1,1,2
esç,0,0,1
et ,12,1,1
et',6,0,0
eta,1,2,2
ete,1,1,1
eth,1,0,0
eti,1,1,0
eto,1,1,2
ett,1,0,0
etu,1,0,0
etw,2,0,0
eu ,0,0,39
eul,0,1,1
eus,0,0,8
eva,0,2,1
eve,3,1,2
evo,0,2,0
ew ,2,0,0
ews,1,0,0
exg,1,0,0
exi,0,0,4
exn,0,1,1
exo,0,0,1
exp,2,2,2
ext,5,3,2
ey ,4,0,0
eye,2,1,0
ez ,0,1,0
eza,0,1,0
eze,0,0,2
eço,0,0,2
eçã,0,0,1
eé ,0,1,0
eño,0,2,0
eñé,0,1,0
f h,2,0,0
f i,1,0,0
f j,1,0,0
f p,1,0,0
f s,1,0,0
f t,3,0,0
f y,1,0,0
fac,2,0,0
fal,1,0,0
fam,3,2,2
fan,0,0,1
far,2,0,0
fas,1,0,0
fat,1,0,1
fav,1,3,4
faz,0,0,5
fe ,2,0,0
fec,1,2,1
fee,2,0,0
fei,0,0,3
fel,0,1,1
fer,2,5,6
fes,1,3,3
few,1,0,0
ff ,1,0,0
ffe,2,0,0
ffi,1,0,0
fic,1,3,2
fie,0,1,0
fil,0,0,2
fin,4,2,3
fiq,0,0,1
fli,2,0,0
flo,1,1,1
fo ,0,0,1
fof,0,0,1
foi,0,0,1
fol,0,0,1
fom,0,0,2
fon,0,1,1
foo,3,0,0
for,11,0,3
fos,0,0,1
fre,0,1,0
fri,4,4,4
fro,1,0,0
fru,1,1,1
frí,0,2,0
ft ,3,0,0
fte,1,0,0
fue,0,3,0
fug,0,1,0
fui,0,3,0
ful,4,0,0
fun,1,1,1
fut,0,0,1
fáb,0,1,1
fér,0,0,1
fíc,0,1,5
fút,0,1,0
g a,5,0,0
g b,1,0,0
g c,4,0,0
g e,1,0,0
g f,1,0,0
g i,5,0,0
g n,1,0,0
g o,2,0,0
g s,4,0,0
g t,8,0,0
g w,3,0,0
g y,1,0,0
g! ,1,0,0
g? ,2,0,0
ga ,0,3,2
gad,0,2,4
gae,0,1,1
gai,1,0,0
gal,0,1,0
gam,3,1,1
gar,0,5,3
gas,0,1,0
gat,0,1,1
gav,1,0,1
gaç,0,0,1
ge ,7,0,1
gei,0,0,1
gel,0,0,2
gem,0,1,3
gen,1,1,0
ger,9,3,1
ges,1,0,0
get,6,1,1
gga,0,1,1
gge,1,0,0
ggi,1,0,0
ggs,1,0,0
gh ,4,0,0
gh!,1,0,0
ghb,1,0,0
ght,11,0,0
gi ,0,0,1
gim,1,0,0
gin,2,1,1
gio,0,1,0
gir,2,0,1
giv,3,0,0
gle,0,1,0
gli,1,0,0
glé,0,1,0
glê,0,0,1
gmi,0,1,0
gmy,1,0,0
gn ,1,0,0
go ,9,4,2
goi,3,0,0
goo,5,0,0
gor,0,0,1
gos,0,2,8
got,2,0,0
gou,0,0,1
gpi,1,1,1
gra,1,7,2
gre,0,1,1
gri,0,1,1
gro,2,1,0
gru,0,1,1
gry,1,0,0
gs ,5,0,0
gua,1,3,3
gue,0,2,3
gui,0,1,0
gum,0,0,1
gun,0,2,3
gus,0,5,0
gué,0,0,2
gám,0,1,0
gêm,0,0,1
gí ,0,1,0
gún,0,1,0
h  ,1,0,0
h a,4,0,0
h c,1,0,0
h h,3,0,0
h i,1,0,0
h o,1,0,0
h s,2,0,0
h t,3,0,0
h w,4,0,0
h y,1,0,0
h! ,1,0,0
h? ,1,0,0
ha ,0,5,17
hab,0,2,0
hac,0,5,0
hag,0,1,0
ham,0,1,1
han,16,1,2
hap,0,0,1
har,2,2,2
has,4,5,2
hat,19,0,0
hav,9,0,2
hay,0,6,0
hbo,1,0,0
he ,76,7,0
he?,0,2,0
hea,1,0,0
hec,0,0,2
hed,2,0,0
hee,2,0,0
heg,0,0,1
hei,2,0,4
hem,0,1,0
hen,8,0,0
heo,1,1,1
her,40,4,2
hes,5,1,0
hey,3,0,0
hi ,2,1,1
hic,3,0,0
hig,4,0,0
hij,0,1,0
hil,2,0,0
him,1,0,0
hin,8,0,0
hip,2,0,0
his,18,1,1
ho ,2,1,8
ho',1,0,0
ho?,0,1,0
hoe,2,0,0
hog,0,2,0
hoj,0,1,3
hol,2,0,0
hom,2,4,4
hon,1,0,0
hoo,8,0,0
hop,1,0,0
hor,1,3,3
hos,0,2,4
hou,6,0,2
how,15,0,0
hoy,0,3,0
hre,3,0,0
hs ,1,0,0
ht ,7,0,0
ht?,2,0,0
hte,2,0,0
huc,0,0,1
hue,0,1,0
hum,0,0,1
hun,2,0,0
hur,2,0,0
hus,2,1,1
hy ,2,0,0
hye,2,2,2
há ,0,0,2
hã ,0,0,7
i a,0,0,3
i b,1,1,0
i c,1,2,1
i d,2,1,3
i e,0,5,3
i f,0,0,1
i g,2,0,0
i h,3,2,0
i i,1,0,0
i j,1,0,1
i l,4,1,1
i m,1,4,3
i n,1,1,0
i p,2,2,1
i q,0,1,0
i s,2,1,1
i t,5,2,1
i u,1,0,1
i w,7,0,0
i'd,1,0,0
i'l,7,0,0
i'm,3,0,0
i? ,0,0,1
ia ,0,9,17
ia?,0,1,2
iad,0,6,3
ial,2,2,2
ian,0,2,0
iar,0,2,2
ias,0,3,2
ibl,2,1,0
ibr,0,5,0
ibs,1,0,0
ibu,0,2,1
ic ,2,0,0
ica,0,3,4
ice,5,0,0
ich,3,1,0
ici,0,7,2
ico,0,2,3
ict,2,0,0
icu,1,0,0
icí,0,1,0
id ,6,0,0
ida,2,6,11
idd,2,0,0
ide,2,0,1
idg,1,0,0
idi,0,2,0
idn,1,0,0
ido,0,10,5
ie ,2,3,0
ie?,1,1,0
iec,1,0,0
ied,4,0,0
iel,0,1,0
iem,0,4,0
ien,2,16,0
ier,1,9,0
ies,4,0,0
iev,0,1,0
if ,1,0,0
ife,2,1,1
iff,2,0,0
ifi,0,3,0
ifu,2,0,0
ifí,0,1,5
ig ,2,0,0
iga,0,0,3
ige,2,3,0
igg,1,0,0
igh,12,0,0
igi,0,0,1
igl,0,1,0
ign,1,0,0
igo,0,1,1
igr,0,0,1
igu,0,1,0
iin,1,0,0
ijo,0,1,1
ike,8,0,0
il ,2,2,4
ild,5,0,0
ile,1,0,0
ilh,0,0,2
ili,0,1,0
ilk,1,0,0
ill,3,6,1
ily,2,0,0
im ,1,0,6
ima,0,2,2
imb,1,0,0
imc,2,1,1
ime,3,0,1
imi,0,1,0
imo,0,4,3
imp,1,3,3
imó,0,1,0
in ,34,3,0
ina,1,6,9
inc,3,2,3
ind,3,2,2
ine,3,2,2
inf,1,0,1
ing,34,3,5
inh,0,0,12
ini,2,0,0
ink,4,0,0
ino,0,1,4
ins,2,0,0
int,4,1,2
inu,1,1,1
inv,0,2,2
inó,0,2,0
io ,0,7,9
io?,0,3,1
iom,0,1,0
ion,6,5,4
ior,0,1,2
ios,0,3,2
iou,2,0,2
ip ,2,0,0
ipe,1,0,0
ipo,0,0,1
ipp,1,0,0
iqu,0,0,1
ir ,2,6,4
ira,0,2,9
ird,1,0,0
ire,0,2,1
iri,0,0,1
irl,2,0,0
irm,0,0,2
iro,0,0,4
irp,1,0,0
irr,1,0,1
irs,1,0,0
irt,1,0,0
irá,0,0,1
is ,56,2,22
is?,1,0,0
isa,0,1,5
isc,0,0,1
ise,3,0,0
ish,4,0,0
isi,1,2,0
ism,0,3,0
iso,0,0,1
iss,1,0,5
ist,2,5,5
isõ,0,0,1
it ,19,0,0
it',4,0,0
it?,2,0,0
ita,0,3,5
ite,1,1,6
ith,4,0,0
iti,3,1,0
ito,1,2,12
its,1,0,0
itt,1,0,0
itu,0,0,1
ity,1,0,0
itá,0,0,1
iu ,0,0,2
iud,0,2,0
ive,10,4,5
ivi,0,2,1
ivo,1,1,1
ivr,0,0,5
iví,0,1,0
ix ,1,0,0
ixa,0,0,3
ixe,0,0,4
iz ,0,1,1
iza,0,1,0
ize,1,0,0
izo,0,1,1
iço,0,0,1
içã,0,0,1
ién,0,4,0
iên,0,0,1
iño,0,2,0
ió ,0,6,0
ión,0,9,0
iós,0,1,0
ja ,0,3,3
ja?,0,1,0
jam,1,3,1
jan,0,0,1
jap,2,1,1
jar,0,4,0
jas,0,1,0
je ,0,2,1
je?,0,0,2
jer,0,4,0
jis,0,1,0
jo ,1,4,3
jog,0,0,4
jos,0,5,0
jov,0,3,3
joy,1,0,0
jue,0,2,0
jug,0,2,0
jum,1,0,0
jun,0,1,1
jus,1,0,0
já ,0,0,1
jé ,0,2,0
k a,1,0,0
k b,3,0,0
k d,1,0,0
k e,0,1,1
k i,4,0,0
k l,1,0,0
k o,2,0,0
k t,4,0,0
k w,2,0,0
k y,2,0,0
k? ,2,0,0
ke ,10,0,0
ked,3,0,0
ken,1,0,0
ket,1,0,0
kid,1,0,0
kie,1,0,0
kii,1,0,0
kim,2,1,1
kin,5,0,0
kno,4,0,0
kor,6,0,0
ks ,5,0,0
kti,1,0,0
ky ,1,0,0
l  ,0,1,0
l a,2,9,1
l b,3,1,0
l c,0,6,0
l d,1,2,4
l e,1,8,1
l f,1,1,1
l g,0,1,0
l h,2,1,0
l i,6,3,0
l j,1,2,1
l k,1,1,0
l l,1,1,0
l m,2,2,1
l n,2,1,1
l p,1,14,0
l q,0,0,1
l r,0,4,0
l s,2,3,0
l t,5,7,1
l u,0,1,1
l v,3,3,1
l w,2,0,0
l y,2,0,0
l é,0,0,3
l? ,1,2,3
la ,0,58,16
lab,0,1,0
lac,2,2,2
lad,0,2,3
lam,0,1,0
lan,2,2,1
lar,1,1,0
las,6,18,2
lat,4,0,0
lav,0,0,1
lay,3,0,0
ld ,6,0,0
lda,0,1,1
lde,1,0,0
ldi,4,0,0
ldn,1,0,0
ldr,2,0,0
le ,9,7,8
le?,1,0,0
lea,8,0,0
lec,1,2,0
lee,1,2,0
lef,3,0,1
leg,1,0,0
lei,0,0,2
lej,0,1,0
lem,0,0,1
len,0,0,1
leo,0,0,1
ler,1,1,1
les,1,2,2
let,7,2,0
lev,0,2,2
ley,0,1,0
lf ,2,0,0
lfr,1,0,0
lga,0,4,0
lgu,0,1,2
lgú,0,1,0
lha,0,0,5
lhe,0,0,3
lho,0,0,7
lia,0,2,1
lib,0,5,0
lic,2,5,4
lid,1,1,1
lie,1,0,0
lif,1,0,0
lig,2,1,0
lik,8,0,0
lim,0,3,2
lin,2,1,1
lip,1,0,0
lis,2,1,0
lit,2,0,0
liv,4,0,5
liz,0,1,0
liç,0,0,1
lk ,1,0,0
lki,1,0,0
ll ,19,0,0
ll?,1,0,0
lla,0,13,1
lle,2,8,0
llo,1,2,0
lly,8,0,0
llí,0,7,0
lma,0,1,0
lme,0,6,6
lmo,2,0,1
lmu,0,1,0
lo ,0,11,1
lo?,0,1,0
loc,0,0,1
loj,0,0,1
lon,3,0,2
loo,6,0,0
loq,0,0,1
lor,1,5,2
los,1,9,0
lot,1,0,0
lou,1,0,0
lov,1,0,0
low,3,0,0
lpe,0,0,1
lqu,0,1,1
ls?,1,0,0
lsa,0,0,3
lse,1,0,0
lsi,0,1,0
lso,0,2,1
lt ,1,0,0
lta,0,2,2
lte,1,0,0
lth,1,0,0
lti,0,1,0
lto,0,2,3
lts,1,0,0
lug,1,2,2
lum,0,1,1
lun,1,1,1
lus,1,1,0
lve,0,1,0
lwa,1,0,0
ly ,13,0,0
lyi,1,0,0
lá ,0,0,5
lá?,0,0,2
lág,0,1,1
lça,0,0,1
léf,0,1,0
lés,0,1,0
lês,0,0,1
lí ,0,5,0
lí?,0,2,0
lía,0,1,0
líc,0,0,1
lín,0,0,1
lús,0,1,0
m a,0,0,6
m b,1,0,3
m c,0,0,8
m d,1,0,3
m e,0,0,9
m f,0,0,1
m g,1,0,2
m h,2,0,3
m i,2,0,0
m l,1,0,4
m m,1,0,6
m n,0,0,4
m o,1,0,1
m p,1,0,3
m q,0,0,3
m r,2,0,1
m s,1,0,4
m t,0,0,2
m u,0,0,7
m v,0,0,8
m w,0,0,1
m à,0,0,3
m é,0,0,4
m ô,0,0,1
m? ,0,0,2
ma ,0,4,21
ma?,0,1,0
mac,1,1,1
mag,0,0,1
mai,0,0,18
mal,2,0,0
mam,0,3,0
man,11,7,9
mar,4,7,3
mas,0,5,4
mat,1,1,1
mav,0,0,1
may,0,1,0
maz,0,0,1
maç,0,0,2
mañ,0,7,0
mba,1,0,0
mbi,0,1,2
mbo,0,0,2
mbr,0,7,1
mbu,1,0,0
mbé,0,0,1
mch,2,1,1
me ,25,15,12
me?,2,0,0
mei,0,0,1
mel,2,2,0
mem,1,0,3
men,0,10,14
meo,0,0,1
mer,0,1,0
mes,4,1,4
met,3,0,0
meu,0,0,8
mi ,0,15,0
mid,1,1,1
mie,0,1,0
mil,4,1,0
mim,0,0,4
min,1,6,14
mio,0,2,0
mir,1,2,0
mis,1,4,0
mit,1,0,0
mno,0,1,0
mo ,0,15,13
mom,3,0,0
mon,4,2,1
mor,9,0,4
mos,3,16,16
mou,2,0,2
mov,1,0,0
moç,0,0,1
mp ,1,0,0
mpa,0,2,2
mph,1,0,0
mpi,0,2,0
mpl,0,1,0
mpo,1,4,6
mpr,0,3,3
mpu,1,1,1
ms ,1,0,0
muc,0,3,0
mue,0,2,0
mui,0,0,8
muj,0,2,0
mul,0,0,2
muy,0,4,0
mué,0,1,0
my ,18,0,0
mye,1,0,0
má ,0,3,0
máq,0,1,1
más,0,15,0
mã ,0,0,1
mãe,0,0,3
mão,0,0,3
méd,0,0,2
mí ,0,3,0
míl,0,0,1
mó ,0,1,0
mó?,0,1,0
món,0,1,0
n a,16,5,0
n b,1,3,0
n c,0,9,1
n d,5,9,0
n e,1,25,1
n f,3,0,0
n g,3,3,0
n h,6,4,0
n i,9,0,0
n k,6,0,0
n l,4,21,0
n m,3,5,1
n n,0,3,0
n o,0,1,0
n p,0,4,0
n q,0,1,1
n r,1,3,0
n s,5,6,0
n t,24,5,0
n u,0,5,0
n v,0,4,0
n w,5,1,0
n y,7,1,0
n ¿,0,3,0
n é,0,1,1
n't,4,0,0
n? ,2,2,1
na ,0,27,21
nac,0,2,1
nad,0,2,0
nae,1,0,0
nai,0,0,1
nal,4,4,4
nam,0,0,5
nan,0,2,0
naq,0,0,1
nar,0,1,2
nas,0,2,3
nat,1,1,1
nca,0,1,3
nce,4,3,1
nch,2,1,1
nci,0,2,2
ncl,1,1,0
nco,0,1,2
ncé,0,1,0
nd ,14,0,0
nda,1,5,5
nde,2,5,4
ndi,1,1,1
ndo,1,14,14
ndr,1,1,0
nds,4,0,0
ndu,1,1,2
ndí,0,1,0
ne ,8,4,1
nea,1,0,0
nec,1,3,1
ned,1,1,0
nee,2,0,0
neg,0,2,1
nei,1,0,1
nel,0,0,1
nem,0,1,2
nen,0,0,1
ner,2,3,0
nes,1,5,4
net,1,1,1
nev,1,0,1
new,1,0,0
nex,4,0,0
ney,1,0,0
nfa,0,0,2
nfe,0,2,2
nfu,1,0,0
ng ,32,0,0
ng!,1,0,0
ng?,1,0,0
nga,0,1,1
nge,8,0,2
ngi,1,0,1
ngl,1,1,1
ngm,1,0,0
ngo,0,3,1
ngp,1,1,1
ngr,1,1,1
ngs,3,0,0
ngu,1,0,3
ngí,0,1,0
nha,0,0,14
nhe,0,0,4
nho,0,0,5
nhu,0,0,1
nhã,0,0,7
nib,0,0,1
nid,0,2,0
nie,0,1,0
nig,5,0,0
nin,1,0,2
nis,2,0,0
nit,0,0,2
niv,0,1,1
niñ,0,2,0
nje,0,2,0
nk ,6,0,0
nly,1,0,0
no ,5,17,24
no?,0,1,1
nob,1,0,0
noc,0,6,0
noi,0,0,5
nor,0,1,0
nos,1,8,8
not,7,2,2
nou,0,0,1
nov,0,1,4
now,6,0,0
nqu,0,1,0
nre,0,1,0
nrí,0,1,0
ns ,4,0,3
ns?,1,0,0
nsa,0,3,2
nse,0,2,0
nsh,2,0,0
nsi,1,0,3
nso,0,1,0
nsw,1,0,0
nt ,8,0,0
nta,1,6,3
nte,4,23,24
nth,1,0,0
nti,1,4,4
nto,1,11,16
ntr,1,6,6
nts,4,0,0
ntu,0,1,0
ntã,0,0,4
nua,0,1,1
nub,0,1,0
nue,0,2,0
nun,0,1,1
nuo,1,0,0
nur,1,0,0
nuv,0,0,1
nve,0,0,2
nvi,0,2,0
ny ,6,0,0
ny?,1,0,0
nyt,1,0,0
nza,0,2,0
não,0,0,8
nça,0,0,1
nés,0,1,0
nês,0,0,1
nó ,0,2,0
n’t,2,0,0
o  ,0,2,0
o a,5,10,12
o b,3,1,2
o c,4,8,17
o d,4,16,16
o e,0,36,37
o f,4,4,7
o g,5,2,2
o h,2,7,5
o i,4,2,3
o j,2,1,2
o k,1,0,1
o l,3,6,2
o m,2,7,10
o n,0,5,11
o o,3,1,10
o p,1,13,13
o q,0,6,13
o r,2,1,7
o s,5,13,14
o t,12,8,11
o u,0,5,3
o v,1,3,9
o w,2,0,0
o y,7,0,0
o ¿,0,9,0
o é,0,1,12
o ó,0,0,1
o ú,0,1,0
o! ,0,1,1
o's,1,0,0
o? ,0,11,12
oa ,0,0,3
oad,2,0,0
oal,0,2,2
oas,0,0,1
obo,1,0,0
obr,0,1,4
obú,0,1,0
oca,0,1,0
occ,1,0,0
oce,1,2,2
och,0,7,0
ock,1,0,0
oco,0,1,1
ocu,0,0,1
ocê,0,0,28
od ,5,0,0
od?,1,0,0
oda,3,2,2
odb,1,0,0
ode,0,0,6
odo,0,2,3
ody,1,0,0
oe ,1,0,0
oen,0,0,1
oes,2,0,0
of ,6,0,0
ofe,1,3,4
off,2,0,0
ofo,0,0,1
ofr,0,1,0
ofu,0,1,1
og ,1,0,0
oga,0,2,1
oge,1,0,0
ogo,0,0,2
ogu,0,0,1
oi ,0,0,1
oic,1,0,0
oil,1,0,0
oin,4,0,0
ois,0,0,5
oit,0,0,6
oja,0,1,1
oje,0,0,3
ojo,0,2,0
ok ,7,1,1
ok?,1,0,0
oke,3,0,0
oki,2,0,0
oks,5,0,0
ol ,6,1,1
ola,0,1,5
old,6,1,1
ole,1,0,0
olg,0,1,0
olh,0,0,5
oli,2,1,0
olo,1,4,3
ols,0,3,4
olt,0,0,1
olu,0,0,1
olí,0,1,1
om ,7,0,13
oma,3,5,1
omb,0,5,2
ome,11,0,5
omi,0,2,2
omo,4,4,10
omp,1,3,3
on ,16,17,2
on',3,0,0
on?,0,1,1
ona,3,3,5
onc,1,3,0
ond,2,1,2
one,6,6,2
onf,0,1,1
ong,5,2,3
onh,0,0,3
oni,0,0,2
ono,0,2,1
onr,0,1,0
ons,3,0,0
ont,2,5,10
ony,1,0,0
oné,0,1,0
onê,0,0,1
on’,1,0,0
oo ,4,0,0
ood,7,0,0
ook,15,0,0
ool,6,0,0
oom,3,0,0
oop,1,1,0
oor,1,0,0
oot,2,0,0
op ,1,0,0
opa,0,1,1
ope,2,0,0
opo,0,1,1
ops,1,1,0
opu,0,1,0
opó,0,1,1
oqu,0,0,1
or ,17,30,20
or?,1,2,1
ora,0,4,10
orb,0,1,0
orc,1,1,1
ord,2,0,0
ore,11,7,3
orh,1,0,0
ori,1,1,1
ork,3,0,0
orm,1,0,0
orn,1,0,1
oro,0,1,1
orp,0,1,0
orq,0,1,1
orr,6,0,3
ort,3,2,7
ory,4,0,0
orç,0,0,1
oré,0,0,4
os ,0,67,57
os?,0,1,1
osa,0,6,3
ose,2,0,0
osi,0,1,0
osl,0,1,0
oso,0,3,1
oss,5,0,2
ost,4,4,13
ot ,5,0,0
ot?,1,0,0
ota,1,3,4
ote,2,0,0
oth,6,0,0
oti,0,1,0
oto,0,1,0
otr,0,6,0
ou ,32,0,23
ou',1,0,0
ou?,2,0,2
ouc,0,0,1
oud,1,0,0
oug,3,0,0
oul,4,0,0
oun,8,0,0
oup,2,0,1
our,14,0,0
ous,6,0,0
out,5,0,6
ouv,0,0,1
oux,0,0,1
ova,0,0,1
ove,6,3,3
ovi,1,1,0
ovo,0,0,4
ow ,25,0,0
ow!,1,0,0
ow',3,0,0
owe,3,0,0
own,3,0,0
ox?,1,0,0
oy ,1,6,0
oy?,0,2,0
oz ,0,1,1
ozi,0,0,1
oça,0,0,1
oíd,0,1,0
oño,0,1,0
p b,1,0,0
p f,1,0,0
p i,2,0,0
p p,1,0,0
p s,1,0,0
p t,2,0,0
pa ,0,1,1
pad,0,1,0
pag,1,0,0
pai,2,1,2
paj,0,1,0
pal,0,1,1
pan,2,1,0
par,1,16,17
pas,0,0,3
pat,0,4,2
pay,1,0,0
paç,0,0,1
pe ,0,0,1
pea,3,0,0
pec,2,3,2
ped,1,0,1
pee,1,0,0
peg,0,0,1
pei,0,0,1
pej,0,1,0
pel,0,0,2
pen,2,2,5
peq,0,1,1
per,4,11,9
pha,1,0,0
pho,1,0,0
pic,2,0,0
pid,0,3,2
pie,1,5,0
pil,1,1,1
pio,0,1,0
pió,0,1,0
pla,5,1,1
ple,6,0,0
pli,1,1,0
plu,1,0,0
po ,0,2,2
po?,0,1,2
poc,1,1,0
pod,0,0,6
poi,0,0,1
pol,1,1,1
pon,0,3,2
por,2,19,13
pos,2,4,5
pou,0,0,2
ppe,2,0,0
ppl,2,0,0
pra,0,1,0
pre,2,8,11
pri,2,0,0
pro,2,6,9
pró,0,3,3
ps ,2,1,0
pub,2,1,1
pue,0,10,0
pur,1,0,0
put,3,1,1
pué,0,1,0
pág,0,1,1
pás,0,0,1
pé ,0,0,1
pé?,0,0,1
péu,0,0,1
pós,0,1,1
púb,0,2,2
qua,0,0,20
que,0,25,45
qui,0,8,5
qué,0,14,0
quí,0,3,0
r a,7,7,11
r b,3,0,0
r c,3,1,1
r d,5,5,5
r e,5,6,6
r f,2,3,4
r g,4,1,0
r h,5,0,0
r i,8,0,2
r k,1,0,0
r l,3,15,3
r m,7,0,2
r n,4,4,4
r o,3,2,4
r p,2,6,2
r q,0,2,3
r r,3,1,1
r s,5,3,1
r t,16,3,1
r u,0,2,4
r v,1,1,3
r w,3,0,0
r y,0,2,0
r ¿,0,5,0
r é,0,0,1
r! ,0,1,0
r? ,3,5,2
ra ,0,22,28
ra!,0,0,1
ra?,0,1,1
rab,0,2,2
rac,0,3,0
rad,2,5,5
rae,0,1,0
rai,3,0,0
raj,0,1,0
ral,1,1,1
ram,0,3,3
ran,2,10,8
rap,0,0,1
rar,0,5,5
ras,0,3,2
rat,2,0,0
rav,0,0,3
raw,1,0,0
raz,0,0,1
raç,0,0,1
rañ,0,1,0
rba,0,1,0
rca,0,1,0
rce,1,0,0
rch,1,2,0
rci,0,1,1
rd ,3,0,0
rda,1,1,1
rde,1,2,2
rdo,0,1,0
rds,1,0,0
rdó,0,1,0
re ,41,10,6
re',1,0,0
re?,5,0,0
rea,13,9,4
rec,0,9,7
red,3,2,1
ree,6,0,0
ref,3,5,1
reg,0,4,5
rei,1,0,3
rej,0,1,1
rel,2,2,3
rem,1,1,3
ren,3,6,2
reo,0,1,0
rep,0,2,2
rer,0,1,0
res,4,16,12
ret,2,1,3
rew,1,0,0
reç,0,0,3
rfe,1,1,1
rga,0,1,0
rge,1,0,0
rho,1,0,0
ri ,0,0,1
ria,0,7,9
rib,1,0,0
ric,1,1,1
rid,3,2,1
rie,6,1,0
rig,2,2,4
ril,0,1,0
rim,0,1,1
rin,5,0,3
rio,2,4,9
ris,1,0,0
rit,2,0,2
riv,3,0,0
riz,0,1,1
riê,0,0,1
rió,0,1,0
rk ,2,0,0
rk?,1,0,0
rke,1,0,0
rl ,1,0,0
rlf,1,0,0
rlo,0,1,0
rly,1,0,0
rma,0,2,2
rme,0,2,1
rmi,1,3,3
rmo,0,2,0
rmã,0,0,2
rn ,1,0,0
rna,0,1,2
rne,2,2,1
rni,1,0,0
rno,0,3,3
ro ,0,21,14
ro?,0,0,2
roa,2,0,0
roc,1,1,2
rof,1,4,4
rok,1,0,0
rom,1,1,0
ron,1,6,1
roo,3,0,0
rop,0,3,2
ror,1,0,0
ros,3,3,5
rot,1,1,1
rou,2,0,3
row,5,0,0
rpo,1,0,0
rpr,1,1,1
rqu,0,2,2
rra,0,2,1
rre,0,1,3
rri,3,0,1
rro,6,1,4
rry,2,0,0
rs ,5,0,0
rs?,1,0,0
rse,4,0,1
rsi,0,1,1
rso,1,1,1
rt ,1,0,0
rt?,2,0,0
rta,1,3,2
rte,0,5,6
rth,2,0,0
rti,1,3,3
rto,0,2,5
rtu,0,1,0
rua,0,0,4
ruc,0,2,0
rue,1,0,0
rui,1,0,0
rup,0,1,1
rut,0,1,1
ruz,0,1,1
rve,1,1,1
rvi,1,1,1
ry ,11,0,0
ry?,1,0,0
ryi,1,0,0
rzo,0,2,0
rá?,0,1,1
ráp,0,2,1
rás,0,0,1
rça,0,0,1
rço,0,0,1
ré ,0,7,0
réi,0,0,4
rên,0,0,1
rês,0,0,2
ría,0,1,0
ríe,0,1,0
río,0,4,1
ró ,0,2,0
róx,0,2,3
s  ,0,1,1
s a,19,8,16
s b,6,5,4
s c,13,16,12
s d,3,14,15
s e,2,30,14
s f,5,3,6
s g,5,3,1
s h,8,8,3
s i,15,2,1
s j,0,3,2
s k,1,0,0
s l,9,14,4
s m,7,16,9
s n,3,4,12
s o,6,4,8
s p,1,11,8
s q,0,6,6
s r,5,6,5
s s,9,11,11
s t,27,13,6
s u,0,4,0
s v,0,9,10
s w,2,0,1
s y,8,2,0
s z,0,1,0
s ¡,0,2,0
s ¿,0,5,0
s à,0,0,2
s? ,7,5,5
sa ,0,7,11
sa?,0,0,1
sab,0,2,1
sac,0,1,0
sad,0,1,2
sag,1,0,2
sai,0,0,1
saj,0,2,0
sal,0,3,2
sam,2,2,5
san,0,1,1
sap,0,0,1
saq,0,1,1
sar,0,4,3
sas,0,2,4
sav,0,0,1
saw,1,0,0
say,1,0,0
saç,0,0,1
sba,1,1,0
sca,0,2,1
sce,1,0,2
sch,6,0,0
sco,0,0,6
scr,0,0,1
scu,0,4,2
sde,0,2,2
se ,16,16,14
se?,0,0,2
sea,1,2,0
sec,1,2,0
sed,6,0,0
see,7,0,0
seg,0,1,2
sei,0,1,2
sej,0,0,1
sel,3,0,0
sem,0,0,4
sen,0,2,6
seo,1,1,0
ser,2,5,5
ses,2,4,2
seu,0,1,9
sex,0,0,2
seé,0,1,0
señ,0,1,0
sfr,0,2,2
sh ,2,0,0
she,9,0,0
shi,3,0,0
sho,5,0,0
si ,0,4,0
sia,0,4,0
sib,2,1,0
sic,1,1,1
sid,1,0,0
sie,0,4,0
sig,0,1,0
sil,0,1,0
sim,0,0,2
sin,3,3,3
sio,1,1,0
sis,1,0,0
sit,3,5,2
six,1,0,0
siz,1,0,0
ski,1,0,0
sky,1,0,0
sli,1,0,0
slo,0,1,0
sly,1,0,0
sma,1,2,2
sme,1,0,0
smi,1,0,0
smo,0,1,0
sno,1,0,0
so ,4,10,9
so?,0,1,1
soa,0,0,1
sob,0,1,1
soc,1,0,0
sok,1,1,1
sol,1,2,1
som,4,1,0
son,4,6,2
sor,2,4,4
sos,0,1,1
sou,2,0,1
soy,0,1,0
soz,0,0,1
spa,0,0,1
spe,4,5,5
spl,1,0,0
spo,0,1,2
spu,0,2,0
squ,0,1,1
sro,1,0,0
ss ,5,0,0
ssa,1,0,8
sse,4,0,8
ssi,2,0,0
sso,2,0,9
ssr,1,0,0
ssí,0,0,1
st ,10,0,0
st?,2,0,0
sta,2,27,22
ste,2,13,11
sti,1,3,1
sto,2,6,4
str,6,3,5
stu,2,2,3
stá,0,15,13
stã,0,0,2
stó,0,0,1
su ,0,4,0
sua,0,0,6
suc,1,0,0
sud,2,1,0
sue,0,2,0
sui,1,0,0
sul,1,1,2
sun,0,0,1
suo,0,0,1
sup,0,0,1
sur,3,1,1
sus,0,7,0
swe,2,0,0
são,0,0,4
sça,0,0,1
sé ,0,1,0
sí ,0,2,0
sív,0,0,1
sól,0,1,0
sõe,0,0,1
t  ,3,0,0
t a,7,0,0
t b,6,0,0
t c,2,0,0
t d,4,0,0
t e,3,0,0
t f,3,0,0
t g,1,0,0
t h,6,0,0
t i,14,0,0
t k,1,0,0
t l,3,0,0
t m,5,0,0
t n,5,0,0
t o,5,0,0
t p,1,0,0
t r,2,0,0
t s,8,0,0
t t,18,0,0
t u,1,0,0
t v,0,0,1
t w,7,0,0
t y,3,0,0
t ¿,0,1,0
t's,13,0,0
t? ,10,0,0
ta ,0,15,16
ta?,0,2,4
tab,1,1,0
tac,0,2,0
tad,0,5,6
taf,0,0,1
tai,2,0,0
tak,2,0,0
tal,2,5,5
tam,0,3,3
tan,1,12,5
tap,0,1,0
tar,0,8,6
tas,0,5,2
tat,0,1,0
tau,2,1,1
tav,0,0,2
taç,0,0,2
tañ,0,1,0
tbo,1,1,0
te ,4,46,33
te!,0,1,1
te?,0,0,1
tea,3,0,0
teb,1,0,1
tec,0,0,1
ted,2,1,0
tei,0,0,2
tel,0,1,2
tem,0,1,14
ten,2,2,1
teq,0,1,0
ter,15,7,5
tes,1,3,4
teu,0,0,1
tex,1,0,0
th ,7,0,0
th?,1,0,0
tha,16,0,0
the,103,0,0
thi,20,0,0
tho,2,0,0
thr,3,0,0
ths,1,0,0
ti ,0,1,0
tic,0,1,0
tid,0,4,3
tie,3,7,0
tif,2,0,0
tig,0,1,0
til,1,1,1
tim,3,3,1
tin,5,2,2
tio,5,2,0
tip,0,0,1
tir,0,0,1
tiu,0,0,1
tiv,0,0,1
tiz,0,0,1
tió,0,1,0
to ,34,12,27
to!,0,1,1
to?,0,1,0
toa,0,2,2
tob,0,1,0
toc,0,1,0
tod,3,3,4
tog,1,0,0
tom,5,5,2
ton,0,4,2
too,4,0,0
tor,6,1,2
tos,0,8,11
tot,1,1,1
tou,0,0,2
tow,3,0,0
toy,0,1,0
toñ,0,1,0
tra,3,17,15
tre,4,6,5
tro,1,3,4
tru,1,0,0
try,1,0,0
trá,0,0,1
trê,0,0,2
ts ,6,0,0
tte,1,0,0
tti,2,0,0
tu ,0,6,0
tua,0,1,1
tud,2,2,2
tum,1,0,1
tun,0,1,0
tur,4,0,2
tus,0,2,0
tuv,0,1,0
tuó,0,1,0
twe,2,0,0
twi,2,0,0
two,2,0,0
ty ,1,0,0
tá ,0,12,13
tán,0,1,0
tár,0,0,1
tás,0,2,0
tão,0,0,8
têm,0,0,1
tór,0,0,1
u a,0,0,7
u b,2,2,2
u c,2,3,2
u d,2,0,3
u e,0,0,6
u f,0,0,2
u g,3,0,2
u h,1,1,0
u i,2,0,2
u l,8,1,2
u m,0,2,2
u n,0,0,8
u o,0,0,4
u p,2,0,6
u q,0,0,4
u r,0,0,1
u s,2,0,2
u t,5,0,3
u u,0,0,3
u v,0,1,4
u w,3,0,0
u à,0,0,1
u'r,1,0,0
u? ,2,0,2
ua ,0,2,11
uad,0,2,0
uag,1,0,0
uai,0,0,1
ual,0,2,5
uam,0,1,1
uan,0,6,12
uar,0,0,1
uas,0,0,6
ube,0,1,0
ubl,2,1,1
uce,0,2,0
uch,1,3,0
uci,0,1,0
uco,0,0,2
uda,0,3,2
udd,2,0,0
ude,2,0,0
udi,0,2,0
udo,0,1,0
uds,1,0,0
ue ,1,20,31
ue?,0,1,1
ueb,0,0,1
ued,0,8,0
ueg,0,2,0
uei,0,0,3
uel,0,9,1
uem,0,1,3
uen,0,6,1
uer,0,7,6
ues,0,4,1
uev,0,2,0
ueñ,0,2,0
uga,0,3,2
ugg,1,0,0
ugh,5,0,0
ugi,0,1,0
ugu,0,1,0
uh ,1,0,0
ui ,0,1,1
ui?,0,0,1
uia,0,0,1
uid,0,1,1
uie,0,3,0
uil,3,1,0
uim,0,1,0
uin,0,1,2
uis,0,2,0
uit,2,0,8
uié,0,3,0
uja,0,1,0
uje,0,2,0
ujo,0,1,0
ul ,4,1,1
ul?,0,0,1
ula,0,0,2
uld,3,0,0
ulh,0,0,2
uli,0,0,1
ull,1,0,0
ulp,0,0,1
ult,2,1,1
um ,0,0,18
uma,0,0,17
umb,1,0,0
ume,0,0,1
umn,0,1,0
ump,1,0,0
un ,1,20,0
una,0,13,0
unc,1,1,1
und,3,4,3
une,0,1,0
ung,5,0,0
uni,0,2,1
uno,0,1,1
unq,0,1,0
uns,0,0,1
unt,2,1,2
uor,0,0,1
uou,1,0,0
up ,2,0,0
upa,0,0,1
upl,1,0,0
upo,0,1,2
ups,1,0,0
ur ,13,0,0
ur?,0,1,0
ura,1,3,5
ure,6,0,1
uri,1,0,0
urm,0,0,1
urn,1,0,0
uro,0,1,0
urp,1,0,1
urs,3,0,0
urt,2,0,0
us ,4,9,9
usa,0,1,1
usb,1,0,0
usc,0,1,0
use,3,0,0
usi,1,0,0
usl,1,0,0
uso,1,2,1
ust,1,6,1
ut ,7,0,0
uta,0,2,2
ute,2,0,1
uth,1,0,0
uti,2,0,0
uto,0,1,1
utr,0,0,5
utt,1,0,0
uve,0,1,1
uvi,0,0,1
uxe,0,0,1
uy ,0,4,0
uza,0,1,1
uál,0,2,0
uán,0,5,0
ué ,0,14,0
uém,0,0,2
ués,0,2,0
uí ,0,2,0
uí?,0,1,0
uó ,0,1,0
va ,0,2,4
vab,0,1,0
vac,1,1,0
vai,0,0,1
vam,0,0,5
var,2,4,1
vas,0,0,1
vat,0,0,1
vay,0,1,0
ve ,23,3,3
vec,0,3,0
veg,1,1,1
vej,0,0,2
vel,0,0,2
vem,0,1,5
ven,1,9,3
veo,0,1,0
ver,11,6,9
ves,0,2,3
vez,0,2,2
vi ,0,1,2
via,0,2,2
vic,1,1,0
vid,0,1,4
vie,1,3,0
vir,0,2,1
vis,1,1,0
viv,0,4,2
viç,0,0,1
vo ,0,1,3
voa,0,0,1
voc,0,0,28
voi,1,0,0
vol,0,0,2
vor,2,4,5
vos,0,1,1
vou,0,0,6
voy,0,3,0
voz,0,1,1
vra,0,0,1
vro,0,0,5
vue,0,3,0
vár,0,0,2
víd,0,1,0
vôo,0,0,1
w a,1,0,0
w b,1,0,0
w d,3,0,0
w f,1,0,0
w h,3,0,0
w i,4,0,0
w m,7,0,0
w t,6,0,0
w w,1,0,0
w y,2,0,0
w! ,1,1,1
w's,3,0,0
wai,2,0,0
wal,3,0,0
wan,6,0,0
was,7,0,0
wat,3,0,0
waw,0,1,1
way,4,0,0
we ,5,0,0
wea,4,0,0
wed,1,0,0
wee,2,0,0
wel,4,0,0
wen,2,0,0
wer,4,0,0
wha,10,0,0
whe,7,0,0
whi,3,0,0
who,4,0,0
why,2,0,0
wic,1,0,0
wif,1,0,0
wil,2,0,0
win,4,0,0
wip,1,0,0
wit,4,0,0
wn ,3,0,0
wo ,2,0,0
wom,2,0,0
won,1,1,1
wor,4,0,0
wou,2,0,0
wow,1,0,0
wri,1,0,0
ws?,1,0,0
x w,1,0,0
x? ,1,0,0
xa ,0,0,1
xa?,0,0,1
xas,0,0,1
xe ,0,0,2
xei,0,0,1
xem,0,0,2
xgi,1,0,0
xim,0,2,3
xis,0,0,4
xna,0,0,1
xno,0,1,0
xo ,0,0,1
xpe,1,1,1
xpr,1,1,1
xt ,4,0,0
xta,0,0,1
xtb,1,0,0
xte,0,0,1
xtr,0,3,0
y  ,2,0,0
y a,6,3,0
y b,2,1,0
y c,4,0,0
y d,3,0,0
y e,2,2,0
y f,4,2,0
y g,3,0,0
y h,9,0,0
y i,7,0,0
y j,0,1,0
y k,1,0,0
y m,4,1,0
y n,2,1,0
y o,2,0,0
y p,3,0,0
y r,0,3,0
y s,8,0,0
y t,6,0,0
y u,0,2,0
y w,4,0,0
y y,1,2,0
y ¿,0,1,0
y? ,7,3,0
yam,0,1,0
ye ,1,0,0
yea,5,2,2
yel,1,0,0
yen,0,1,0
yeo,1,0,0
yer,1,4,0
yes,5,0,0
ygr,1,0,0
yin,2,0,0
yo ,0,5,0
yon,1,1,1
yor,0,1,0
you,50,0,0
ys ,2,0,0
yth,1,0,0
z a,0,0,1
z b,0,0,1
z e,0,1,1
z h,0,1,0
z o,0,1,0
za ,0,1,0
zad,0,1,1
zan,0,2,0
zap,0,2,0
zar,0,1,0
zed,1,0,0
zen,0,0,1
zer,0,0,4
zes,0,0,2
zin,0,0,1
zo ,0,2,0
zos,0,1,0
zou,0,0,1
zém,0,0,1
¡es,0,1,0
¡si,0,1,0
¡ta,0,1,0
¡wa,0,1,0
¿a ,0,2,0
¿al,0,1,0
¿cu,0,7,0
¿có,0,6,0
¿dó,0,1,0
¿en,0,2,0
¿es,0,1,0
¿fu,0,1,0
¿ha,0,2,0
¿ll,0,1,0
¿me,0,1,0
¿pi,0,1,0
¿po,0,2,0
¿pr,0,1,0
¿pu,0,1,0
¿qu,0,13,0
¿te,0,2,0
¿tr,0,1,0
¿vi,0,1,0
¿él,0,2,0
à e,0,0,1
à i,0,0,2
à m,0,0,1
à n,0,0,3
à s,0,0,1
às ,0,0,2
á a,0,2,1
á b,0,1,0
á c,0,3,1
á d,0,0,1
á e,0,4,1
á f,0,0,1
á h,0,1,0
á l,0,1,1
á m,0,1,0
á n,0,0,4
á o,0,0,3
á p,0,0,2
á s,0,2,4
á t,0,0,2
á? ,0,1,3
ábr,0,1,1
ági,0,1,1
ágr,0,1,1
águ,0,0,2
ál ,0,2,0
ámo,0,1,0
án ,0,1,0
ánd,0,1,0
ánt,0,4,0
ápi,0,2,1
áqu,0,1,1
ári,0,0,3
ás ,0,16,1
ás?,0,1,0
ási,0,1,1
áss,0,0,1
ã c,0,0,1
ã e,0,0,1
ã m,0,0,2
ã p,0,0,1
ã s,0,0,1
ã t,0,0,1
ã v,0,0,1
ã é,0,0,2
ãe ,0,0,3
ão ,0,0,28
ãos,0,0,1
ça ,0,0,3
çad,0,0,1
çar,0,0,1
ço ,0,0,1
ço?,0,0,2
ços,0,0,2
çã ,0,0,2
ção,0,0,6
çõe,0,0,1
é a,0,3,2
é b,0,0,2
é c,0,1,0
é d,0,1,1
é e,0,9,1
é f,0,1,2
é h,0,1,0
é j,0,1,0
é l,0,2,1
é m,0,1,8
é n,0,0,1
é o,0,0,7
é p,0,0,1
é r,0,0,2
é s,0,2,2
é t,0,4,0
é u,0,1,5
é v,0,0,1
é y,0,0,1
é? ,0,0,1
édi,0,0,2
éfo,0,1,0
éia,0,0,4
éja,0,2,0
él ,0,5,0
ém ,0,0,4
éme,0,1,0
én ,0,5,0
éri,0,0,1
és ,0,3,0
ést,0,2,0
éu ,0,0,2
ê a,0,0,1
ê c,0,0,1
ê d,0,0,3
ê e,0,0,5
ê g,0,0,3
ê j,0,0,1
ê l,0,0,1
ê m,0,0,2
ê n,0,0,1
ê o,0,0,2
ê p,0,0,5
ê t,0,0,1
ê v,0,0,1
ê é,0,0,1
ê? ,0,0,2
êm ,0,0,1
ême,0,0,1
ênc,0,0,2
ês ,0,0,4
í a,0,2,0
í e,0,3,0
í h,0,1,0
í j,0,1,0
í l,0,1,0
í m,0,1,0
í n,0,1,0
í s,0,2,0
í t,0,1,0
í ¿,0,1,0
í? ,0,3,0
ía ,0,7,0
ía?,0,1,0
ías,0,1,0
íci,0,1,6
ída,0,1,0
ído,0,1,0
íes,0,1,0
íli,0,0,1
íng,0,0,1
ío ,0,4,0
íod,0,0,1
íve,0,0,1
ña ,0,1,0
ñan,0,7,0
ñas,0,1,0
ño ,0,6,0
ños,0,3,0
ñé ,0,1,0
ó  ,0,1,0
ó a,0,1,0
ó c,0,1,0
ó e,0,3,0
ó l,0,2,0
ó m,0,1,0
ó s,0,1,0
ó u,0,2,0
ó? ,0,1,0
óle,0,0,1
ólo,0,1,0
ómo,0,7,0
ón ,0,10,0
ón?,0,1,0
ónd,0,2,0
óri,0,0,1
órt,0,1,0
ós ,0,1,0
ósi,0,1,1
óxi,0,2,3
ôni,0,0,1
ôo?,0,0,1
ões,0,0,2
úbl,0,2,2
últ,0,1,0
ún ,0,1,0
ús ,0,1,0
úst,0,1,0
útb,0,1,0
úvi,0,0,1
’t ,2,0,0
